<componentPackage>
  <component id="ArrayCollection" super="egret.EventDispatcher" default="source" show="false" module="egret.gui"/>
  <component id="BasicLayout" super="egret.gui.LayoutBase" show="false" module="egret.gui"/>
  <component id="BitmapLabel" super="egret.gui.UIComponent" show="true" module="egret.gui"/>
  <component id="Button" super="egret.gui.ButtonBase" show="true" module="egret.gui"/>
  <component id="ButtonBase" super="egret.gui.SkinnableComponent" default="label" state="up,down,disabled" show="false" module="egret.gui"/>
  <component id="CheckBox" super="egret.gui.ToggleButtonBase" show="true" module="egret.gui"/>
  <component id="DataGroup" super="egret.gui.GroupBase" default="dataProvider" show="true" module="egret.gui"/>
  <component id="DropDownList" super="egret.gui.DropDownListBase" show="true" module="egret.gui"/>
  <component id="DropDownListBase" super="egret.gui.List" state="normal,open,disabled" show="false" module="egret.gui"/>
  <component id="Group" super="egret.gui.GroupBase" default="elementsContent" show="true" module="egret.gui"/>
  <component id="GroupBase" super="egret.gui.UIComponent" show="false" module="egret.gui"/>
  <component id="HSlider" super="egret.gui.SliderBase" show="true" module="egret.gui"/>
  <component id="HorizontalLayout" super="egret.gui.LayoutBase" show="false" module="egret.gui"/>
  <component id="ItemRenderer" super="egret.gui.ButtonBase" show="false" module="egret.gui"/>
  <component id="Label" super="egret.gui.TextBase" show="true" module="egret.gui"/>
  <component id="LayoutBase" super="egret.EventDispatcher" show="false" module="egret.gui"/>
  <component id="List" super="egret.gui.ListBase" show="true" module="egret.gui"/>
  <component id="ListBase" super="egret.gui.SkinnableDataContainer" show="false" module="egret.gui"/>
  <component id="Matrix" super="Object" show="false" module="egret"/>
  <component id="ObjectCollection" super="egret.EventDispatcher" default="source" show="false" module="egret.gui"/>
  <component id="Panel" super="egret.gui.SkinnableContainer" show="true" module="egret.gui"/>
  <component id="Point" super="Object" show="false" module="egret"/>
  <component id="PopUpAnchor" super="egret.gui.UIComponent" default="popUp" show="true" module="egret.gui"/>
  <component id="ProgressBar" super="egret.gui.Range" show="true" module="egret.gui"/>
  <component id="RadioButton" super="egret.gui.ToggleButtonBase" show="true" module="egret.gui"/>
  <component id="RadioButtonGroup" super="egret.EventDispatcher" show="false" module="egret.gui"/>
  <component id="Range" super="egret.gui.SkinnableComponent" show="false" module="egret.gui"/>
  <component id="Rect" super="egret.gui.UIComponent" show="true" module="egret.gui"/>
  <component id="Rectangle" super="Object" show="false" module="egret"/>
  <component id="ViewportScroller" super="egret.ScrollView" show="false" module="egret.gui"/>
  <component id="Skin" super="egret.EventDispatcher" default="elementsContent" show="false" module="egret.gui"/>
  <component id="SkinnableComponent" super="egret.gui.UIAsset" state="normal,disabled" show="true" module="egret.gui"/>
  <component id="SkinnableContainer" super="egret.gui.SkinnableComponent" default="elementsContent" show="true" module="egret.gui"/>
  <component id="SkinnableDataContainer" super="egret.gui.SkinnableComponent" default="dataProvider" show="true" module="egret.gui"/>
  <component id="SliderBase" super="egret.gui.TrackBase" show="false" module="egret.gui"/>
  <component id="Scroller" super="egret.gui.SkinnableComponent" default="viewport" show="true" module="egret.gui"/>
  <component id="Spacer" super="egret.gui.UIComponent" show="true" module="egret.gui"/>
  <component id="State" super="egret.EventDispatcher" default="overrides" show="false" module="egret.gui"/>
  <component id="TabBar" super="egret.gui.ListBase" show="true" module="egret.gui"/>
  <component id="TabBarButton" super="egret.gui.ToggleButtonBase" show="false" module="egret.gui"/>
  <component id="TextBase" super="egret.gui.UIComponent" show="false" module="egret.gui"/>
  <component id="TileLayout" super="egret.gui.LayoutBase" show="false" module="egret.gui"/>
  <component id="TitleWindow" super="egret.gui.Panel" show="true" module="egret.gui"/>
  <component id="ToggleButton" super="egret.gui.ToggleButtonBase" show="true" module="egret.gui"/>
  <component id="ToggleSwitch" super="egret.gui.ToggleButtonBase" show="true" module="egret.gui"/>
  <component id="ToggleButtonBase" super="egret.gui.ButtonBase" state="up,down,disabled,upAndSelected,downAndSelected,disabledAndSelected" show="false" module="egret.gui"/>
  <component id="TrackBase" super="egret.gui.Range" show="false" module="egret.gui"/>
  <component id="Tree" super="egret.gui.List" show="true" module="egret.gui"/>
  <component id="TreeItemRenderer" super="egret.gui.ItemRenderer" show="false" module="egret.gui"/>
  <component id="UIAsset" super="egret.gui.UIComponent" show="true" module="egret.gui"/>
  <component id="UIComponent" super="egret.DisplayObjectContainer" show="false" module="egret.gui"/>
  <component id="VSlider" super="egret.gui.SliderBase" show="true" module="egret.gui"/>
  <component id="VerticalLayout" super="egret.gui.LayoutBase" show="false" module="egret.gui"/>
  <component id="ViewStack" super="egret.gui.Group" show="true" module="egret.gui"/>
  <component id="EditableText" super="egret.gui.TextBase" show="true" module="egret.gui"/>
  <component id="SkinnableTextBase" super="egret.gui.SkinnableComponent" show="false" module="egret.gui"/>
  <component id="TextArea" super="egret.gui.SkinnableTextBase" show="true" module="egret.gui"/>
  <component id="TextInput" super="egret.gui.SkinnableTextBase" show="true" module="egret.gui"/>
  <component id="HScrollBar" super="egret.gui.HSlider" show="true" module="egret.gui"/>
  <component id="VScrollBar" super="egret.gui.VSlider" show="true" module="egret.gui"/>
  
  <!--Effects-->
  <component id="Animate" super="egret.gui.Effect" default="motionPaths" show="false" module="egret.gui"/>
  <component id="AnimateTransform" super="egret.gui.Animate" show="false" module="egret.gui"/>
  <component id="CompositeEffect" super="egret.gui.Effect" default="children" show="false" module="egret.gui"/>
  <component id="Fade" super="egret.gui.Animate" show="false" module="egret.gui"/>
  <component id="Keyframe" super="Object" show="false" module="egret.gui"/>
  <component id="MotionPath" super="Object" default="keyframes" show="false" module="egret.gui"/>
  <component id="Move" super="egret.gui.AnimateTransform" show="false" module="egret.gui"/>
  <component id="Parallel" super="egret.gui.CompositeEffect" show="false" module="egret.gui"/>
  <component id="Rotate" super="egret.gui.Animate" show="false" module="egret.gui"/>
  <component id="Scale" super="egret.gui.Animate" show="false" module="egret.gui"/>
  <component id="Sequence" super="egret.gui.CompositeEffect" show="false" module="egret.gui"/>
  <component id="SimpleMotionPath" super="egret.gui.MotionPath" show="false" module="egret.gui"/>
  <component id="Transition" super="Object" default="effect" show="false" module="egret.gui"/>
  <component id="Bounce" super="Object" show="false" module="egret.gui"/>
  <component id="Elastic" super="Object" show="false" module="egret.gui"/>
  <component id="Linear" super="Object" show="false" module="egret.gui"/>
  <component id="Power" super="egret.gui.EaseInOutBase" show="false" module="egret.gui"/>
  <component id="Sine" super="egret.gui.EaseInOutBase" show="false" module="egret.gui"/>
</componentPackage>