{
  "files": {
    "eui-compiler/.gitignore": "25232aedf99d12dc882984a191c8b0ea0c8b763b",
    "eui-compiler/.npmignore": "9da90e8f71098012e8c0b3521c9156180f2b5c97",
    "eui-compiler/CHANGELOG.json": "237a48860751752dbb41445eccc7316c15fae9d0",
    "eui-compiler/CHANGELOG.md": "ca67b9f87757913f58fb2887c130d4898c765b56",
    "eui-compiler/README.md": "7c21f3329e686993e5e783b10df30ffa11d67584",
    "eui-compiler/bin/cli.js": "3dc4771620d1406d4ee7888a8be32af5fddf3e1d",
    "eui-compiler/esprima-test/ast.json": "6a795d003515be18a7c849fca0193a6aafe38a44",
    "eui-compiler/esprima-test/code.js": "9be7ab77443a4cc0bbea81309c340c49ed70d33b",
    "eui-compiler/esprima-test/index.js": "b677eacd3e5e05e23dccd64fb33c4d40cfe1acbc",
    "eui-compiler/examples/tests-helloworld/egretProperties.json": "00455384b1b4daac7ae4e68817c5420dfde6f9a6",
    "eui-compiler/examples/tests-helloworld/favicon.ico": "e4ec42cb797707ba45b119ae96019d21414c0f3a",
    "eui-compiler/examples/tests-helloworld/index.html": "20615069c7cda98c7d6c0442fad51c4c181f4fb9",
    "eui-compiler/examples/tests-helloworld/manifest.json": "d79d0a507e030af56c05e560cb064a74902dc63c",
    "eui-compiler/examples/tests-helloworld/resource/assets/Button/button_down.png": "0c25e89acc525bedb9d19fc2d89717047dcd6972",
    "eui-compiler/examples/tests-helloworld/resource/assets/Button/button_up.png": "e25ba45188cf32ee3be298b1dab5228fc8f7c630",
    "eui-compiler/examples/tests-helloworld/resource/assets/CheckBox/checkbox_select_disabled.png": "159122edd4f3a261e7aef4e16d4489a25e7d9a50",
    "eui-compiler/examples/tests-helloworld/resource/assets/CheckBox/checkbox_select_down.png": "88005c72df2161c78f1eaca2b6b119450c0ae472",
    "eui-compiler/examples/tests-helloworld/resource/assets/CheckBox/checkbox_select_up.png": "8394ca397b0ec075504b99070d5e1dcce5f1a45d",
    "eui-compiler/examples/tests-helloworld/resource/assets/CheckBox/checkbox_unselect.png": "411b8ed5712fd4cee0493f822ee93603667d1c84",
    "eui-compiler/examples/tests-helloworld/resource/assets/ItemRenderer/selected.png": "e56bfa2b57dc5c44524c79c51fcfef02f22ae17f",
    "eui-compiler/examples/tests-helloworld/resource/assets/Panel/border.png": "8035cd7b131f4f5419856441c1dea3d2b32354c6",
    "eui-compiler/examples/tests-helloworld/resource/assets/Panel/header.png": "9c409fa4a9608bd581556332e9eed1d6cf7e1dd3",
    "eui-compiler/examples/tests-helloworld/resource/assets/ProgressBar/thumb_pb.png": "bf6f20d6c6e0aa673552cb569d7a04ae0cb60311",
    "eui-compiler/examples/tests-helloworld/resource/assets/ProgressBar/track_pb.png": "d2e084c10d70a74784906d76247f0b2c0efbcd95",
    "eui-compiler/examples/tests-helloworld/resource/assets/RadioButton/radiobutton_select_disabled.png": "d1f34529e87f6d33c4df2c13d0926100c17d54f2",
    "eui-compiler/examples/tests-helloworld/resource/assets/RadioButton/radiobutton_select_down.png": "d1f34529e87f6d33c4df2c13d0926100c17d54f2",
    "eui-compiler/examples/tests-helloworld/resource/assets/RadioButton/radiobutton_select_up.png": "00e32828b8021003a70012d2e9cc231315e386fa",
    "eui-compiler/examples/tests-helloworld/resource/assets/RadioButton/radiobutton_unselect.png": "b9e944d11c06cb2c3c3960213beae792637b3e91",
    "eui-compiler/examples/tests-helloworld/resource/assets/ScrollBar/roundthumb.png": "132fc2fc667716cbcea94a0e8ed75f22d3a31cde",
    "eui-compiler/examples/tests-helloworld/resource/assets/ScrollBar/track_sb.png": "da7bce6a4c7933ca26ba7daf3dbacbbbad1936be",
    "eui-compiler/examples/tests-helloworld/resource/assets/Slider/thumb.png": "0c5d4845d31ecdddfc674329ac3e421f97897f0a",
    "eui-compiler/examples/tests-helloworld/resource/assets/Slider/track.png": "da7bce6a4c7933ca26ba7daf3dbacbbbad1936be",
    "eui-compiler/examples/tests-helloworld/resource/assets/Slider/tracklight.png": "132fc2fc667716cbcea94a0e8ed75f22d3a31cde",
    "eui-compiler/examples/tests-helloworld/resource/assets/ToggleSwitch/handle.png": "4506a1f53f40e0646b9fd2c283e968cd31f1ab11",
    "eui-compiler/examples/tests-helloworld/resource/assets/ToggleSwitch/off.png": "edcccdc1ce23aacaf6f9d321f21325ddf994c73f",
    "eui-compiler/examples/tests-helloworld/resource/assets/ToggleSwitch/on.png": "fa79fed88405f4effe3e72e060aa7263c3d6e2dc",
    "eui-compiler/examples/tests-helloworld/resource/assets/bg.jpg": "a61ee5bb7d5f86a6e72d762c3dd010f12a03c01c",
    "eui-compiler/examples/tests-helloworld/resource/assets/egret_icon.png": "28042eb9531de46edcd101c2b68c05a5699be56c",
    "eui-compiler/examples/tests-helloworld/resource/config/description.json": "9f06a30e3c2bd230947d1548c302440865a1901d",
    "eui-compiler/examples/tests-helloworld/resource/default.res.json": "24aab88d02f84e4a5c58444efb516c080a3c33a8",
    "eui-compiler/examples/tests-helloworld/resource/default.thm.json": "000daf518c1565a42ca1279d3d294b948ce90956",
    "eui-compiler/examples/tests-helloworld/resource/eui_skins/ButtonSkin.exml": "819c9ef15ac9370499ad29f65921d4a8e9856565",
    "eui-compiler/examples/tests-helloworld/resource/eui_skins/CheckBoxSkin.exml": "1d64009460b1764ed6a69c456d968a0598a5c735",
    "eui-compiler/examples/tests-helloworld/resource/eui_skins/HScrollBarSkin.exml": "5321570b51fd628e45167c16ec95371e6688315f",
    "eui-compiler/examples/tests-helloworld/resource/eui_skins/HSliderSkin.exml": "d25c5b5894373418074e9ae9ef3fa64f81ac0da8",
    "eui-compiler/examples/tests-helloworld/resource/eui_skins/ItemRendererSkin.exml": "8ec85be846355d5888989320954d77b2cf8b3afb",
    "eui-compiler/examples/tests-helloworld/resource/eui_skins/PanelSkin.exml": "9b176f5b72c523acc452500b5060094be577ee0c",
    "eui-compiler/examples/tests-helloworld/resource/eui_skins/ProgressBarSkin.exml": "0be17fb38448551b3a66c4fb19127f7055c1f25f",
    "eui-compiler/examples/tests-helloworld/resource/eui_skins/RadioButtonSkin.exml": "15aa639560ccc249a046b76b12dc6ab55c7e297a",
    "eui-compiler/examples/tests-helloworld/resource/eui_skins/ScrollerSkin.exml": "1473f8e9e771ae4fe6c1844b8b14acd671e0f443",
    "eui-compiler/examples/tests-helloworld/resource/eui_skins/TextInputSkin.exml": "b6efb8abdbe6de5f8f755a24695d89f76561f449",
    "eui-compiler/examples/tests-helloworld/resource/eui_skins/ToggleSwitchSkin.exml": "6b5f9c0eed8ca2ec226e7d177a90e44a7cea7b1a",
    "eui-compiler/examples/tests-helloworld/resource/eui_skins/VScrollBarSkin.exml": "d548c9c580aaed39fa7ad415cdb7a662a375d8ab",
    "eui-compiler/examples/tests-helloworld/resource/eui_skins/VSliderSkin.exml": "19a3de514f598a053a74fe280eb5ebbc4669ffca",
    "eui-compiler/examples/tests-helloworld/resource/eui_skins/test.exml": "4d0b7046fc77f0c53da5f670405423f203789d4f",
    "eui-compiler/examples/tests-helloworld/resource/eui_skins/test2.exml": "d7d22dd5a838d4e47df27cfe4dcfa23cf159f741",
    "eui-compiler/examples/tests-helloworld/scripts/api.d.ts": "6e79b93917aa4a2e9af24870f3335c87a532ae66",
    "eui-compiler/examples/tests-helloworld/scripts/config.ts": "d92dc1ef88294a59e842e59774fac24bdd5b60bb",
    "eui-compiler/examples/tests-helloworld/scripts/config.wxgame.ts": "71dd0754a54fa7e217ebd6b55aea22c1adc2521c",
    "eui-compiler/examples/tests-helloworld/scripts/node.d.ts": "239fd38948908f72dc07fe35367295de2a2a9cb8",
    "eui-compiler/examples/tests-helloworld/scripts/tsconfig.json": "1868374d11af06b867fffca1ea22f31fb9f2630f",
    "eui-compiler/examples/tests-helloworld/scripts/wxgame/wxgame.ts": "f45dfc34d90a2e515e30d45594716cafac949540",
    "eui-compiler/examples/tests-helloworld/src/AssetAdapter.ts": "cc2dae27b327abbf2e45d1229bbde112826405a9",
    "eui-compiler/examples/tests-helloworld/src/LoadingUI.ts": "e6110461011456938986f597f34eac6aa9ac4ccf",
    "eui-compiler/examples/tests-helloworld/src/Main.ts": "6a3ea50131c1b2ceeaa2423d7539e9aaae4b3502",
    "eui-compiler/examples/tests-helloworld/src/Platform.ts": "4942b9962d06b6a5f3edfed073777d8108f3b5d0",
    "eui-compiler/examples/tests-helloworld/src/ThemeAdapter.ts": "9922e6e34450b51a37ee9a068053597aeda8775e",
    "eui-compiler/examples/tests-helloworld/template/web/index.html": "73f7bb18b6b754c4afd7d42a96ea82b4d21e4856",
    "eui-compiler/examples/tests-helloworld/tsconfig.json": "905433a274db8085a071d26d0b04e2d9de41c150",
    "eui-compiler/package-lock.json": "8b6eec5af415a902b241133a38b224886d78f246",
    "eui-compiler/package.json": "65f9aa2aef04a2731e924d953da34d2be086b783",
    "eui-compiler/property.json": "71a5d2699e73c94a5b748ac42ffd233d9b68b1ac",
    "eui-compiler/src/emitter/declaration-emitter.ts": "046b0c961214bbdcf23be0444895cb525a00226b",
    "eui-compiler/src/emitter/host.ts": "e6b813b09996e2bc40515d76ac765b5f53ff5de1",
    "eui-compiler/src/emitter/index.ts": "f89b9c19d2f39a00c8bdb4cfdda8e274c88e248f",
    "eui-compiler/src/emitter/javascript-emitter.ts": "d8b0e465a20a26b8ad8beeab4297a0615cbdd8d0",
    "eui-compiler/src/emitter/json-emitter.ts": "8051f92c6d83fbe7def2cb36f93500ec3cb9bee2",
    "eui-compiler/src/eui-config.ts": "6ef88627128177d5043a6d0a365b7b42521a029b",
    "eui-compiler/src/exml-ast.ts": "eae8adbd4cfdaf13af370b2e81663ebdb1c7f35b",
    "eui-compiler/src/index.ts": "f638cf986e8574bbdf7a6d5abfa3809568b7efe5",
    "eui-compiler/src/theme/index.ts": "396ea2da18951a1b8660c260b466f35b6d027638",
    "eui-compiler/src/util/declaration.ts": "09e46747e18c9c67f840810d9012a2d1a6821726",
    "eui-compiler/src/util/parser.ts": "f0d7798b9dcd365c4c6e77bd3f0f9525134326da",
    "eui-compiler/src/util/typings.ts": "ad0a14679fc89c83b9f50592dfdc0884cdd71e40",
    "eui-compiler/test/benchmark.js": "cddbc36e8ac6818033afdcad82d26ee4d8b76ad4",
    "eui-compiler/test/emitter/baselines/animation/expected-output-d-ts.txt": "4a63d345db672e0361f97d028ceedf9721b7841f",
    "eui-compiler/test/emitter/baselines/animation/expected-output-js.txt": "b88ca89bdf4acecf8905bbaee186458d89a60c04",
    "eui-compiler/test/emitter/baselines/animation/expected-output-json.txt": "d78e03f4ebc859dddf01ef5bb4150252ffb4d4af",
    "eui-compiler/test/emitter/baselines/animation/input.exml": "3736de0724300a8c2c97b8961524c2400f494826",
    "eui-compiler/test/emitter/baselines/button/expected-output-d-ts.txt": "7888466ef13989d456195ed66c647995de7f03ed",
    "eui-compiler/test/emitter/baselines/button/expected-output-js.txt": "758613db918b1f99bffc096a113cd3241f7d7231",
    "eui-compiler/test/emitter/baselines/button/expected-output-json.txt": "b78aab24ee075f1b8c37e72e9aaa0f18b0ff0900",
    "eui-compiler/test/emitter/baselines/button/input.exml": "33399d8ecaee43e1f8bc1a2e77e969f7e43f555b",
    "eui-compiler/test/emitter/baselines/data-binding-and-nested-skin/expected-output-d-ts.txt": "1b09a65eccb820ffc45d5a95afa5351df38b076d",
    "eui-compiler/test/emitter/baselines/data-binding-and-nested-skin/expected-output-js.txt": "7fa72fc4b9301dc3fe3b6d2cda66a712807003ad",
    "eui-compiler/test/emitter/baselines/data-binding-and-nested-skin/expected-output-json.txt": "18b236741e451e80b177037a5000b51ebadcf8cd",
    "eui-compiler/test/emitter/baselines/data-binding-and-nested-skin/input.exml": "8b268d45d7aa86671890fcf452a72c1572b3dbf1",
    "eui-compiler/test/emitter/baselines/data-binding/expected-output-d-ts.txt": "1b09a65eccb820ffc45d5a95afa5351df38b076d",
    "eui-compiler/test/emitter/baselines/data-binding/expected-output-js.txt": "8aea558ee04ceae550430051a4e080d3bc183085",
    "eui-compiler/test/emitter/baselines/data-binding/expected-output-json.txt": "f8882f3728bcff2bf50ed896079861c058bd1931",
    "eui-compiler/test/emitter/baselines/data-binding/input.exml": "d8539658357f657521398ea8e75b6daf01ba9d36",
    "eui-compiler/test/emitter/baselines/ignore/expected-output-d-ts.txt": "1b09a65eccb820ffc45d5a95afa5351df38b076d",
    "eui-compiler/test/emitter/baselines/ignore/expected-output-js.txt": "11bad600587c3790ac3176979c4b6cc6784674c2",
    "eui-compiler/test/emitter/baselines/ignore/input.exml": "9363a48bda9c2f1e5914156e32652872da93bdeb",
    "eui-compiler/test/emitter/baselines/layout/expected-output-d-ts.txt": "7888466ef13989d456195ed66c647995de7f03ed",
    "eui-compiler/test/emitter/baselines/layout/expected-output-js.txt": "15fe0be286809f60402c301f391f5d70b522cb0d",
    "eui-compiler/test/emitter/baselines/layout/expected-output-json.txt": "7bd0387406250078a8b8e067c2c5515e5cab31a0",
    "eui-compiler/test/emitter/baselines/layout/input.exml": "e1daecdb5020ab436f905504ed78e78227f4082b",
    "eui-compiler/test/emitter/baselines/negative-number/expected-output-d-ts.txt": "1b09a65eccb820ffc45d5a95afa5351df38b076d",
    "eui-compiler/test/emitter/baselines/negative-number/expected-output-js.txt": "273ae79a2848fe33fb4fb13a98d669cc1ec0136d",
    "eui-compiler/test/emitter/baselines/negative-number/expected-output-json.txt": "d6e6b1da97daa949562d15dab7107f1b15752644",
    "eui-compiler/test/emitter/baselines/negative-number/input.exml": "4feef2d4ac7e42e619f666a7c31f3451438f0908",
    "eui-compiler/test/emitter/baselines/nested-skin/expected-output-d-ts.txt": "1b09a65eccb820ffc45d5a95afa5351df38b076d",
    "eui-compiler/test/emitter/baselines/nested-skin/expected-output-js.txt": "ab467fa3ad6b80f1ed059f788fdd67fe77eff23d",
    "eui-compiler/test/emitter/baselines/nested-skin/expected-output-json.txt": "daa10d71af3ef7858cd03e2b31f8c1fe46246380",
    "eui-compiler/test/emitter/baselines/nested-skin/input.exml": "15b0a68951122c2d75799ca12412f511d3424c69",
    "eui-compiler/test/emitter/baselines/scroller/expected-output-d-ts.txt": "99c18891bdf10aa8164c9c5566a16fe700937952",
    "eui-compiler/test/emitter/baselines/scroller/expected-output-js.txt": "1609598c4eff6b5ff4eb004139720a413d339ebf",
    "eui-compiler/test/emitter/baselines/scroller/expected-output-json.txt": "99ea90ba90fcca98821b1ef9bdafdbe404eb4054",
    "eui-compiler/test/emitter/baselines/scroller/input.exml": "6211054dc153a9c0b18d729b892f36937e1b9db4",
    "eui-compiler/test/emitter/baselines/simple/expected-output-d-ts.txt": "1b09a65eccb820ffc45d5a95afa5351df38b076d",
    "eui-compiler/test/emitter/baselines/simple/expected-output-js.txt": "56506a66b81496896b5d1961621135a4d4ecd7b1",
    "eui-compiler/test/emitter/baselines/simple/expected-output-json.txt": "043d81bacc5fe1b9f84a548a297be69f0af30506",
    "eui-compiler/test/emitter/baselines/simple/input.exml": "0a48aeee0aaa41b209a8cc2b58964b5bc553b278",
    "eui-compiler/test/emitter/baselines/states/expected-output-d-ts.txt": "99c18891bdf10aa8164c9c5566a16fe700937952",
    "eui-compiler/test/emitter/baselines/states/expected-output-js.txt": "b9a96bb906f90b3b4c5c2ef2922e9592ba04e832",
    "eui-compiler/test/emitter/baselines/states/expected-output-json.txt": "be0a0800eba6268d8399b8649b8b4879448fe550",
    "eui-compiler/test/emitter/baselines/states/input.exml": "d73eea69f2bcdd6bd5a11768c2e9e6532bbf1262",
    "eui-compiler/test/emitter/index.js": "0518eed9397f66c9fe97beb7cd6f3b00a43e33fa",
    "eui-compiler/test/index.js": "b31931cf1f02603114725000716616a7e0260544",
    "eui-compiler/test/json-validator/index.js": "2f178e00bc22f193863de1f970da3421e4669b9b",
    "eui-compiler/test/project/index.js": "ac34194bd96c11e0fae0e281badb82742c190b75",
    "eui-compiler/test/sort-exml/case/exmls-sort.thm.json": "18e27a35d8dd045ccc433520aa16aa093ca113ce",
    "eui-compiler/test/sort-exml/case/exmls.thm.json": "d13eef81e247f6f912fae2db99e8f777c0a63716",
    "eui-compiler/test/sort-exml/case/exmls.txt": "c50052cf13aa36f9ae115f34fc25c60111168d5e",
    "eui-compiler/test/sort-exml/index.js": "e3d6d69f2335bd716ce0b48e0baa5c6b2d58d7c1",
    "eui-compiler/tsconfig.json": "69cf96f94baf404ae83c8454a7e5b04b058fd88c",
    "eui-compiler/typings/api.d.ts": "bcdd63becb39fd9e7c5e7b00575a89838c2092ad",
    "eui-compiler/.rush/temp/shrinkwrap-deps.json": "f04027c9e46324b082268fbe91f545d3970ebfbe"
  },
  "arguments": "tsc "
}
